DATA;DIA DA SEMANA;CONSULTOR;ROTA;REGIONAL;CONSULTOR - ROTA;CLIENTE;FILIAL;CNPJ;CHECK IN ;CHECK OUT
13/04/2026;MONDAY;ALEXANDRE RIBEIRO LIMA;SPI_2;SUDESTE;CONSULTOR - SJRP;FRIGELAR;FRIGELAR - RIBEIRAO PRETO/SP;92660406000704;09:00;12:00
13/04/2026;MONDAY;ALEXANDRE RIBEIRO LIMA;SPI_2;SUDESTE;CONSULTOR - SJRP;CLIMA RIO;CLIMA RIO - RIBEIRAO PRETO/SP;08824171003162;13:30;15:30
13/04/2026;MONDAY;ALEXANDRE RIBEIRO LIMA;SPI_2;SUDESTE;CONSULTOR - SJRP;HAVAN;REGIONAL SUL - HAVAN - 0056 - RIBEIRAO PRETO - RIBEIRANIA - SP;79379491005657;16:00;17:00
14/04/2026;TUESDAY;ALEXANDRE RIBEIRO LIMA;SPI_2;SUDESTE;CONSULTOR - SJRP;FRIGELAR;FRIGELAR - UBERLÂNDIA;92660406004378;11:30;16:00
15/04/2026;WEDNESDAY;ALEXANDRE RIBEIRO LIMA;SPI_2;SUDESTE;CONSULTOR - SJRP;CENTRAL AR;CENTRAL AR - ARACATUBA/SP;08382929001963;11:00;12:00
15/04/2026;WEDNESDAY;ALEXANDRE RIBEIRO LIMA;SPI_2;SUDESTE;CONSULTOR - SJRP;CENTRAL AR;CENTRAL AR - FRANQUIA ARACATUBA/SP;34628882000156;13:30;16:00
17/04/2026;FRIDAY;ALEXANDRE RIBEIRO LIMA;SPI_2;SUDESTE;CONSULTOR - SJRP;HAVAN;REGIONAL SUL - HAVAN - 0046 - PLAZA AVENIDA SHOPPING - SAO JOSE DO RIO PRETO - JARDIM REDENTOR - SP;79379491004766;09:00;12:00
17/04/2026;FRIDAY;ALEXANDRE RIBEIRO LIMA;SPI_2;SUDESTE;CONSULTOR - SJRP;FRIGELAR;FRIGELAR - SAO JOSE DO RIO PRETO/SP;92660406008446;13:30;18:00
16/04/2026;THURSDAY;ALEXANDRE RIBEIRO LIMA;SPI_2;SUDESTE;CONSULTOR - SJRP;FRIGELAR;FRIGELAR - RIBEIRAO PRETO/SP;92660406000704;11:30;15:00
16/04/2026;THURSDAY;ALEXANDRE RIBEIRO LIMA;SPI_2;SUDESTE;CONSULTOR - SJRP;CLIMA RIO;CLIMA RIO - RIBEIRAO PRETO/SP;08824171003162;15:30;17:00
20/04/2026;MONDAY;ALEXANDRE RIBEIRO LIMA;SPI_2;SUDESTE;CONSULTOR - SJRP;FRIGELAR;FRIGELAR - RIBEIRAO PRETO/SP;92660406000704;11:30;15:00
20/04/2026;MONDAY;ALEXANDRE RIBEIRO LIMA;SPI_2;SUDESTE;CONSULTOR - SJRP;CLIMA RIO;CLIMA RIO - RIBEIRAO PRETO/SP;08824171003162;15:30;17:00
22/04/2026;WEDNESDAY;ALEXANDRE RIBEIRO LIMA;SPI_2;SUDESTE;CONSULTOR - SJRP;CLIMA RIO;CLIMA RIO - RIBEIRAO PRETO/SP;08824171003162;11:30;15:00
22/04/2026;WEDNESDAY;ALEXANDRE RIBEIRO LIMA;SPI_2;SUDESTE;CONSULTOR - SJRP;FRIGELAR;FRIGELAR - RIBEIRAO PRETO/SP;92660406000704;15:30;17:00
23/04/2026;THURSDAY;ALEXANDRE RIBEIRO LIMA;SPI_2;SUDESTE;CONSULTOR - SJRP;HAVAN;REGIONAL SUL - HAVAN - 0046 - PLAZA AVENIDA SHOPPING - SAO JOSE DO RIO PRETO - JARDIM REDENTOR - SP;79379491004766;09:00;12:00
23/04/2026;THURSDAY;ALEXANDRE RIBEIRO LIMA;SPI_2;SUDESTE;CONSULTOR - SJRP;FRIGELAR;FRIGELAR - SAO JOSE DO RIO PRETO/SP;92660406008446;13:30;18:00
24/04/2026;FRIDAY;ALEXANDRE RIBEIRO LIMA;SPI_2;SUDESTE;CONSULTOR - SJRP;FRIGELAR;FRIGELAR - RIBEIRAO PRETO/SP;92660406000704;11:30;15:00
24/04/2026;FRIDAY;ALEXANDRE RIBEIRO LIMA;SPI_2;SUDESTE;CONSULTOR - SJRP;CLIMA RIO;CLIMA RIO - RIBEIRAO PRETO/SP;08824171003162;15:30;17:00
24/04/2026;FRIDAY;ALEXANDRE RIBEIRO LIMA;SPI_2;SUDESTE;CONSULTOR - SJRP;HAVAN;REGIONAL SUL - HAVAN - 0056 - RIBEIRAO PRETO - RIBEIRANIA - SP;79379491005657;11:30;15:00
13/04/2026;MONDAY;DIOGO DO NASCIMENTO SANTOS;RJ;SUDESTE;CONSULTOR - RJ;CLIMA RIO;CLIMA RIO - ITABORAÍ/RJ;08824171003324;09:00;12:00
13/04/2026;MONDAY;DIOGO DO NASCIMENTO SANTOS;RJ;SUDESTE;CONSULTOR - RJ;FRIOPEÇAS;FRIOPEÇAS - RAMOS/RJ;09316105000633;14:00;18:00
14/04/2026;TUESDAY;DIOGO DO NASCIMENTO SANTOS;RJ;SUDESTE;CONSULTOR - RJ;CLIMA RIO;CLIMA RIO - ALCANTARA/RJ;05279736000164;09:00;12:00
14/04/2026;TUESDAY;DIOGO DO NASCIMENTO SANTOS;RJ;SUDESTE;CONSULTOR - RJ;FRIGELAR;FRIGELAR - SÃO CRISTÓVÃO/RJ;92660406000895;14:00;18:00
15/04/2026;WEDNESDAY;DIOGO DO NASCIMENTO SANTOS;RJ;SUDESTE;CONSULTOR - RJ;CLIMA RIO;CLIMA RIO - PENHA CIRCULAR/RJ;08824171000228;09:00;18:00
16/04/2026;THURSDAY;DIOGO DO NASCIMENTO SANTOS;RJ;SUDESTE;CONSULTOR - RJ;CLIMA RIO;CLIMA RIO - NITERÓI ICARAÍ/RJ;08824171004053;09:00;12:00
17/04/2026;FRIDAY;DIOGO DO NASCIMENTO SANTOS;RJ;SUDESTE;CONSULTOR - RJ;CLIMA RIO;CLIMA RIO - JUIZ DE FORA;08824171002433;09:00;14:00
20/04/2026;MONDAY;DIOGO DO NASCIMENTO SANTOS;RJ;SUDESTE;CONSULTOR - RJ;CLIMA RIO;CLIMA RIO - RIO DE JANEIRO/RJ;27594275000157;09:00;12:00
20/04/2026;MONDAY;DIOGO DO NASCIMENTO SANTOS;RJ;SUDESTE;CONSULTOR - RJ;FRIOPEÇAS;FRIOPEÇAS - RAMOS/RJ;09316105000633;14:00;18:00
22/04/2026;WEDNESDAY;DIOGO DO NASCIMENTO SANTOS;RJ;SUDESTE;CONSULTOR - RJ;CENTRAL AR;CENTRAL AR - RIO DE JANEIRO/RJ;44128482000135;09:00;12:00
22/04/2026;WEDNESDAY;DIOGO DO NASCIMENTO SANTOS;RJ;SUDESTE;CONSULTOR - RJ;FRIGELAR;FRIGELAR - SÃO CRISTÓVÃO/RJ;92660406000895;14:00;18:00
24/04/2026;FRIDAY;DIOGO DO NASCIMENTO SANTOS;RJ;SUDESTE;CONSULTOR - RJ;FRIGELAR;FRIGELAR - RIO DE JANEIRO/RJ;92660406005188;14:00;18:00
24/04/2026;FRIDAY;DIOGO DO NASCIMENTO SANTOS;RJ;SUDESTE;CONSULTOR - RJ;CLIMA RIO;CLIMA RIO - NITERÓI ICARAÍ/RJ;08824171004053;09:00;12:00
27/04/2026;MONDAY;DIOGO DO NASCIMENTO SANTOS;SPI_2;SUDESTE;CONSULTOR - RJ;FRIGELAR;QNA, 29, LOTE 16 E 17, TAGUATINGA NORTE;92660406008284;09:30;11:30
27/04/2026;MONDAY;DIOGO DO NASCIMENTO SANTOS;SPI_2;SUDESTE;CONSULTOR - RJ;FRIGELAR;SIA/SUL TRECHO 1, LOTES 1290/1320, SN;92660406003134;13:00;15:00
27/04/2026;MONDAY;DIOGO DO NASCIMENTO SANTOS;SPI_2;SUDESTE;CONSULTOR - RJ;CLIMA RIO;SIA TRECHO 4 E 4 - BRASILIA;08824171002000;15:30;18:00
28/04/2026;TUESDAY;DIOGO DO NASCIMENTO SANTOS;SPI_2;SUDESTE;CONSULTOR - RJ;FRIGELAR;AV. BRASIL, 1700, LJ A, CIDADE JARDIM Anápolis;92660406008365;09:00;12:00
28/04/2026;TUESDAY;DIOGO DO NASCIMENTO SANTOS;SPI_2;SUDESTE;CONSULTOR - RJ;FUJIOKA;Av. Brasil, N°360 LT.07 A 11 QD. SQ1 AnápolIS;01008713009463;13:30;18:00
29/04/2026;WEDNESDAY;DIOGO DO NASCIMENTO SANTOS;SPI_2;SUDESTE;CONSULTOR - RJ;FRIGELAR;AV. RIO VERDE, 3949-VILA ROSA;92660406008101;09:00;12:00
29/04/2026;WEDNESDAY;DIOGO DO NASCIMENTO SANTOS;SPI_2;SUDESTE;CONSULTOR - RJ;CENTRAL AR;S00181 - CENTRAL AR - AV. ARAXA - QD 03 LOTE 05 SLA 01 - SN - GOIANIA - GO;59060761000181;13:30;18:00
30/04/2026;THURSDAY;DIOGO DO NASCIMENTO SANTOS;SPI_2;SUDESTE;CONSULTOR - RJ;FRIGELAR;AV ANHANGUERA, 7150;92660406002162;09:00;11:30
30/04/2026;THURSDAY;DIOGO DO NASCIMENTO SANTOS;SPI_2;SUDESTE;CONSULTOR - RJ;CLIMA RIO;S01542 - CLIMA RIO - AVENIDA VINTE E QUATRO DE OUTUBRO - 196 - GOIANIA - GO;08824171001542;13:00;15:30
13/04/2026;MONDAY;LIEDY AQUINO GOMES DOS SANTOS;SPC1;SUDESTE;CONSULTOR - SP;FRIGELAR;FRIGELAR - PENHA SAO PAULO/SP;92660406003487;09:00;12:00
13/04/2026;MONDAY;LIEDY AQUINO GOMES DOS SANTOS;SPC1;SUDESTE;CONSULTOR - SP;FRIGELAR;FRIGELAR - QUIRINO SAO PAULO/SP;92660406005935;14:00;18:00
14/04/2026;TUESDAY;LIEDY AQUINO GOMES DOS SANTOS;SPC1;SUDESTE;CONSULTOR - SP;BHP;BHP - SOROCABA/SP;53484010000610;09:00;11:00
14/04/2026;TUESDAY;LIEDY AQUINO GOMES DOS SANTOS;SPC1;SUDESTE;CONSULTOR - SP;FRIGELAR;FRIGELAR - SOROCABA/SP;92660406005854;13:00;16:00
15/04/2026;WEDNESDAY;LIEDY AQUINO GOMES DOS SANTOS;SPC1;SUDESTE;CONSULTOR - SP;FRIGELAR;FRIGELAR - QUIRINO SAO PAULO/SP;92660406005935;09:00;12:00
15/04/2026;WEDNESDAY;LIEDY AQUINO GOMES DOS SANTOS;SPC1;SUDESTE;CONSULTOR - SP;FRIOPEÇAS;FRIOPECAS - SAO PAULO/SP;09316105000390;14:00;18:00
16/04/2026;THURSDAY;LIEDY AQUINO GOMES DOS SANTOS;SPC1;SUDESTE;CONSULTOR - SP;FRIGELAR;FRIGELAR - SANTOS/SP;92660406005692;12:00;16:00
16/04/2026;THURSDAY;LIEDY AQUINO GOMES DOS SANTOS;SPC1;SUDESTE;CONSULTOR - SP;BHP;BHP - SANTOS/SP;53484010000700;09:00;11:00
17/04/2026;FRIDAY;LIEDY AQUINO GOMES DOS SANTOS;SPC1;SUDESTE;CONSULTOR - SP;CLIMARIO;CLIMA RIO - SAO PAULO/SP;08824171002867;14:00;18:00
17/04/2026;FRIDAY;LIEDY AQUINO GOMES DOS SANTOS;SPC1;SUDESTE;CONSULTOR - SP;UNIS BONSHOP;DIS - SAO PAULO/SP;23209013000170;09:00;12:00
20/04/2026;MONDAY;LIEDY AQUINO GOMES DOS SANTOS;SPC1;SUDESTE;CONSULTOR - SP;FRIGELAR;FRIGELAR - PENHA SAO PAULO/SP;92660406003487;09:00;12:00
20/04/2026;MONDAY;LIEDY AQUINO GOMES DOS SANTOS;SPC1;SUDESTE;CONSULTOR - SP;FRIGELAR;FRIGELAR - QUIRINO SAO PAULO/SP;92660406005935;14:00;18:00
22/04/2026;WEDNESDAY;LIEDY AQUINO GOMES DOS SANTOS;SPC1;SUDESTE;CONSULTOR - SP;CLIMARIO;CLIMA RIO - SOROCABA/SP;08824171001623;09:00;12:00
22/04/2026;WEDNESDAY;LIEDY AQUINO GOMES DOS SANTOS;SPC1;SUDESTE;CONSULTOR - SP;FRIGELAR;FRIGELAR - SOROCABA/SP;92660406005854;13:30;16:00
23/04/2026;THURSDAY;LIEDY AQUINO GOMES DOS SANTOS;SPC1;SUDESTE;CONSULTOR - SP;FRIGELAR;FRIGELAR - SAO JOSE DOS CAMPOS/SP;92660406004459;14:00;16:00
23/04/2026;THURSDAY;LIEDY AQUINO GOMES DOS SANTOS;SPC1;SUDESTE;CONSULTOR - SP;CLIMARIO;CLIMA RIO - SAO JOSE DOS CAMPOS/SP;08824171001704;09:00;11:00
23/04/2026;THURSDAY;LIEDY AQUINO GOMES DOS SANTOS;SPC1;SUDESTE;CONSULTOR - SP;HAVAN;REGIONAL SUL - HAVAN - 0067 - SAO JOSE DOS CAMPOS - MONTE CASTELO - SP;79379491006700;11:30;13:30
24/04/2026;FRIDAY;LIEDY AQUINO GOMES DOS SANTOS;SPC1;SUDESTE;CONSULTOR - SP;CLIMARIO;CLIMA RIO - SAO PAULO/SP;08824171002867;14:00;18:00
24/04/2026;FRIDAY;LIEDY AQUINO GOMES DOS SANTOS;SPC1;SUDESTE;CONSULTOR - SP;UNIS BONSHOP;DIS - SAO PAULO/SP;23209013000170;09:00;12:00
27/04/2026;MONDAY;LIEDY AQUINO GOMES DOS SANTOS;SPC1;SUDESTE;CONSULTOR - SP;FRIGELAR;FRIGELAR - PENHA SAO PAULO/SP;92660406003487;09:00;12:00
27/04/2026;MONDAY;LIEDY AQUINO GOMES DOS SANTOS;SPC1;SUDESTE;CONSULTOR - SP;FRIGELAR;FRIGELAR - QUIRINO SAO PAULO/SP;92660406005935;14:00;18:00
28/04/2026;TUESDAY;LIEDY AQUINO GOMES DOS SANTOS;SPC1;SUDESTE;CONSULTOR - SP;CLIMARIO;CLIMA RIO - SOROCABA/SP;08824171001623;09:00;12:00
28/04/2026;TUESDAY;LIEDY AQUINO GOMES DOS SANTOS;SPC1;SUDESTE;CONSULTOR - SP;HAVAN;REGIONAL SUL - HAVAN - 0070 - SOROCABA - JARDIM SANTA CECILIA - SP;79379491007005;14:00;16:00
29/04/2026;WEDNESDAY;LIEDY AQUINO GOMES DOS SANTOS;SPC1;SUDESTE;CONSULTOR - SP;FRIGELAR;FRIGELAR - ESCRITORIO SAO PAULO/SP;92660406006230;09:00;12:00
29/04/2026;WEDNESDAY;LIEDY AQUINO GOMES DOS SANTOS;SPC1;SUDESTE;CONSULTOR - SP;CENTRAL AR;CENTRAL AR - ESCRITORIO SAO PAULO/SP;08382929002005;14:00;18:00
30/04/2026;THURSDAY;LIEDY AQUINO GOMES DOS SANTOS;SPC1;SUDESTE;CONSULTOR - SP;FRIGELAR;FRIGELAR - SANTOS/SP;92660406005692;12:00;16:00
30/04/2026;THURSDAY;LIEDY AQUINO GOMES DOS SANTOS;SPC1;SUDESTE;CONSULTOR - SP;BHP;BHP - SANTOS/SP;53484010000700;09:00;11:00
13/04/2026;MONDAY;LUIZ FALCAO DE SOUZA NETO;NE_2;NE;CONSULTOR - NE;FRIGELAR;FRIGELAR - RECIFE/PE;92660406004106;09:00;12:00
13/04/2026;MONDAY;LUIZ FALCAO DE SOUZA NETO;NE_2;NE;CONSULTOR - NE;CLIMA RIO;CLIMA RIO - BOA VIAGEM/PE;08824171003596;13:30;18:00
14/04/2026;TUESDAY;LUIZ FALCAO DE SOUZA NETO;NE_2;NE;CONSULTOR - NE;FRIGELAR;FRIGELAR - IMBIRIBEIRA/PE;92660406000623;09:00;12:00
14/04/2026;TUESDAY;LUIZ FALCAO DE SOUZA NETO;NE_2;NE;CONSULTOR - NE;CLIMA RIO;CLIMA RIO - RECIFE/PE;08824171001119;13:30;18:00
15/04/2026;WEDNESDAY;LUIZ FALCAO DE SOUZA NETO;NE_2;NE;CONSULTOR - NE;FRIGELAR;FRIGELAR - DISTRITO INDUSTRIAL/PB;92660406000976;09:00;12:00
15/04/2026;WEDNESDAY;LUIZ FALCAO DE SOUZA NETO;NE_2;NE;CONSULTOR - NE;CLIMA RIO;CLIMA RIO - JOAO PESSOA/PB;08824171004649;13:30;17:00
16/04/2026;THURSDAY;LUIZ FALCAO DE SOUZA NETO;NE_2;NE;CONSULTOR - NE;FERREIRA COSTA;FERREIRA COSTA - MASCARENHAS RECIFE/PE;10230480001960;09:00;12:00
16/04/2026;THURSDAY;LUIZ FALCAO DE SOUZA NETO;NE_2;NE;CONSULTOR - NE;FERREIRA COSTA;FERREIRA COSTA - CONEGO RECIFE/PE;10230480000483;13:30;18:00
17/04/2026;FRIDAY;LUIZ FALCAO DE SOUZA NETO;NE_1;NE;CONSULTOR - NE;FRIGELAR;FRIGELAR - JOÃO PESSOA/PB;92660406000976;09:00;12:00
17/04/2026;FRIDAY;LUIZ FALCAO DE SOUZA NETO;NE_1;NE;CONSULTOR - NE;CLIMA RIO;CLIMA RIO - JOAO PESSOA/PB;08824171004649;13:30;17:00
20/04/2026;MONDAY;LUIZ FALCAO DE SOUZA NETO;NE_1;NE;CONSULTOR - NE;FRIGELAR;FRIGELAR - IMBIRIBEIRA/PE;92660406000623;09:00;12:00
20/04/2026;MONDAY;LUIZ FALCAO DE SOUZA NETO;NE_1;NE;CONSULTOR - NE;CLIMA RIO;CLIMA RIO - BOA VIAGEM/PE;08824171003596;13:30;18:00
22/04/2026;WEDNESDAY;LUIZ FALCAO DE SOUZA NETO;NE_1;NE;CONSULTOR - NE;FRIGELAR;FRIGELAR - JOÃO PESSOA/PB;92660406000976;09:00;12:00
22/04/2026;WEDNESDAY;LUIZ FALCAO DE SOUZA NETO;NE_1;NE;CONSULTOR - NE;CLIMA RIO;CLIMA RIO - JOAO PESSOA/PB;08824171004649;13:30;17:00
23/04/2026;THURSDAY;LUIZ FALCAO DE SOUZA NETO;NE_1;NE;CONSULTOR - NE;FRIGELAR;FRIGELAR - IMBIRIBEIRA/PE;92660406000623;09:00;12:00
23/04/2026;THURSDAY;LUIZ FALCAO DE SOUZA NETO;NE_1;NE;CONSULTOR - NE;CLIMA RIO;CLIMA RIO - RECIFE/PE;08824171001119;13:30;18:00
24/04/2026;FRIDAY;LUIZ FALCAO DE SOUZA NETO;NE_1;NE;CONSULTOR - NE;FRIGELAR;FRIGELAR - DISTRITO INDUSTRIAL/PB;92660406000976;09:00;12:00
24/04/2026;FRIDAY;LUIZ FALCAO DE SOUZA NETO;NE_1;NE;CONSULTOR - NE;CLIMA RIO;CLIMA RIO - JOAO PESSOA/PB;08824171004649;13:30;17:00
27/04/2026;MONDAY;LUIZ FALCAO DE SOUZA NETO;NE_1;NE;CONSULTOR - NE;FRIGELAR;FRIGELAR - RECIFE/PE;92660406004106;09:00;12:00
27/04/2026;MONDAY;LUIZ FALCAO DE SOUZA NETO;NE_1;NE;CONSULTOR - NE;CLIMA RIO;CLIMA RIO - BOA VIAGEM/PE;08824171003596;13:30;18:00
28/04/2026;TUESDAY;LUIZ FALCAO DE SOUZA NETO;NE_1;NE;CONSULTOR - NE;FRIGELAR;FRIGELAR - FORTALEZA/CE (BR-116, 7000 - Cajazeiras, Fortaleza - CE, 60874-502);92660406002405;09:30;12:00
28/04/2026;TUESDAY;LUIZ FALCAO DE SOUZA NETO;NE_1;NE;CONSULTOR - NE;CLIMA RIO;CLIMA RIO - FORTALEZA/CE;08824171003081;14:00;18:00
29/04/2026;WEDNESDAY;LUIZ FALCAO DE SOUZA NETO;NE_1;NE;CONSULTOR - NE;FRIGELAR;FRIGELAR - ALDEIOTA/CE;92660406008608;09:00;12:00
29/04/2026;WEDNESDAY;LUIZ FALCAO DE SOUZA NETO;NE_1;NE;CONSULTOR - NE;FRIOPEÇAS;FRIOPEÇAS - FORTALEZA/CE;09316105001281;14:00;17:00
30/04/2026;THURSDAY;LUIZ FALCAO DE SOUZA NETO;NE_1;NE;CONSULTOR - NE;FRIGELAR;FRIGELAR - IMBIRIBEIRA/PE;92660406000623;09:00;12:00
30/04/2026;THURSDAY;LUIZ FALCAO DE SOUZA NETO;NE_1;NE;CONSULTOR - NE;CLIMA RIO;CLIMA RIO - RECIFE/PE;08824171001119;13:30;18:00
13/04/2026;MONDAY;MARCIO JOSE FLORES PEREIRA;SUL_1;SUL;CONSULTOR - SUL;FRIGELAR;00119 - FRIGELAR - AVENIDA PERNAMBUCO - 2285 - PORTO ALEGRE - RS;92660406000119;13:30;18:00
13/04/2026;MONDAY;MARCIO JOSE FLORES PEREIRA;SUL_1;SUL;CONSULTOR - SUL;CLIMA RIO;02352 - CLIMA RIO - AVENIDA FRANCA - 606 - PORTO ALEGRE - RS;08824171002352;09:00;12:00
14/04/2026;MONDAY;MARCIO JOSE FLORES PEREIRA;SUL_1;SUL;CONSULTOR - SUL;FRIGELAR;Avenida Mauro Ramos, 1099;92660406005420;09:00;12:00
14/04/2026;TUESDAY;MARCIO JOSE FLORES PEREIRA;SUL_1;SUL;CONSULTOR - SUL;CLIMA RIO;Rod. Governador Mário Covas, 1700;08824171003910;13:30;15:00
14/04/2026;TUESDAY;MARCIO JOSE FLORES PEREIRA;SUL_1;SUL;CONSULTOR - SUL;FRIGELAR;Rua Arnoldo Silveira De Souza, 296;92660406003304;15:30;18:00
15/04/2026;WEDNESDAY;MARCIO JOSE FLORES PEREIRA;SUL_1;SUL;CONSULTOR - SUL;FRIGELAR;S01271 - FRIGELAR - AVENIDA PERNAMBUCO - 2273 - PORTO ALEGRE - RS;92660406001271;13:00;18:00
15/04/2026;WEDNESDAY;MARCIO JOSE FLORES PEREIRA;SUL_1;SUL;CONSULTOR - SUL;FRIGELAR;07202 - FRIGELAR - AVENIDA INCONFIDENCIA - 31 - CANOAS - RS;92660406007202;09:00;12:00
16/04/2026;THURSDAY;MARCIO JOSE FLORES PEREIRA;SUL_1;SUL;CONSULTOR - SUL;CLIMA RIO;02352 - CLIMA RIO - AVENIDA FRANCA - 606 - PORTO ALEGRE - RS;08824171002352;13:00;18:00
16/04/2026;THURSDAY;MARCIO JOSE FLORES PEREIRA;SUL_1;SUL;CONSULTOR - SUL;FRIGELAR;07717 - FRIGELAR - RUA VINTE E CINCO DE JULHO - 536 - NOVO HAMBURGO - RS;92660406007717;09:00;12:00
17/04/2026;FRIDAY;MARCIO JOSE FLORES PEREIRA;SUL_1;SUL;CONSULTOR - SUL;FRIGELAR;S01271 - FRIGELAR - AVENIDA PERNAMBUCO - 2273 - PORTO ALEGRE - RS;92660406001271;13:00;18:00
17/04/2026;FRIDAY;MARCIO JOSE FLORES PEREIRA;SUL_1;SUL;CONSULTOR - SUL;WEBCONTINENTAL;00127 - WEBCONTINENTAL - TRAVENIDAESSA VENEZUELA 210 NAVENIDAEGANTES - SN - PORTO ALEGRE - RS;08584116000127;09:00;12:00
20/04/2026;MONDAY;MARCIO JOSE FLORES PEREIRA;SUL_1;SUL;CONSULTOR - SUL;FRIGELAR;00119 - FRIGELAR - AVENIDA PERNAMBUCO - 2285 - PORTO ALEGRE - RS;92660406000119;13:00;18:00
20/04/2026;MONDAY;MARCIO JOSE FLORES PEREIRA;SUL_1;SUL;CONSULTOR - SUL;CLIMA RIO;02352 - CLIMA RIO - AVENIDA FRANCA - 606 - PORTO ALEGRE - RS;08824171002352;09:00;12:00
22/04/2026;WEDNESDAY;MARCIO JOSE FLORES PEREIRA;SUL_1;SUL;CONSULTOR - SUL;FRIGELAR;Rua Rockfeller, 826;92660406002910;09:00;12:00
22/04/2026;WEDNESDAY;MARCIO JOSE FLORES PEREIRA;SUL_1;SUL;CONSULTOR - SUL;FRIGELAR;Rua Rockfeller, 805 – Reboucas;92660406000380;13:30;18:00
22/04/2026;WEDNESDAY;MARCIO JOSE FLORES PEREIRA;SUL_1;SUL;CONSULTOR - SUL;MONVIZO;Rua Bartolomeu Lourenco De Gusmao, 4916;05102155000233;09:00;18:00
23/04/2026;THURSDAY;MARCIO JOSE FLORES PEREIRA;SUL_1;SUL;CONSULTOR - SUL;MONVIZO;Avenida Dr Gastao Vidigal, 165;05102155000152;09:00;18:00
24/04/2026;FRIDAY;MARCIO JOSE FLORES PEREIRA;SUL_1;SUL;CONSULTOR - SUL;MONVIZO;Avenida Tiradentes, 386;09685521000366;09:00;12:00
24/04/2026;FRIDAY;MARCIO JOSE FLORES PEREIRA;SUL_1;SUL;CONSULTOR - SUL;FRIGELAR;Avenida Tiradentes, 1150;92660406006826;13:30;15:00
24/04/2026;FRIDAY;MARCIO JOSE FLORES PEREIRA;SUL_1;SUL;CONSULTOR - SUL;CENTRAL AR;AVENIDA MADRE LEONIA MILITO, 598;61195550000106;15:30;18:00
27/04/2026;MONDAY;MARCIO JOSE FLORES PEREIRA;SUL_1;SUL;CONSULTOR - SUL;FRIGELAR;00119 - FRIGELAR - AVENIDA PERNAMBUCO - 2285 - PORTO ALEGRE - RS;92660406000119;13:00;18:00
29/04/2026;WEDNESDAY;MARCIO JOSE FLORES PEREIRA;SUL_1;SUL;CONSULTOR - SUL;FRIGELAR;S01271 - FRIGELAR - AVENIDA PERNAMBUCO - 2273 - PORTO ALEGRE - RS;92660406001271;13:00;18:00
29/04/2026;WEDNESDAY;MARCIO JOSE FLORES PEREIRA;SUL_1;SUL;CONSULTOR - SUL;FRIGELAR;07202 - FRIGELAR - AVENIDA INCONFIDENCIA - 31 - CANOAS - RS;92660406007202;09:00;12:00
30/04/2026;THURSDAY;MARCIO JOSE FLORES PEREIRA;SUL_1;SUL;CONSULTOR - SUL;WEBCONTINENTAL;00127 - WEBCONTINENTAL - TRAVENIDAESSA VENEZUELA 210 NAVENIDAEGANTES - SN - PORTO ALEGRE - RS;08584116000127;13:00;18:00
30/04/2026;THURSDAY;MARCIO JOSE FLORES PEREIRA;SUL_1;SUL;CONSULTOR - SUL;FRIGELAR;07717 - FRIGELAR - RUA VINTE E CINCO DE JULHO - 536 - NOVO HAMBURGO - RS;92660406007717;09:00;12:00
13/04/2026;MONDAY;PAULO SERGIO MARQUES DA SILVA;SPC2;SUDESTE;CONSULTOR - SP;FRIGELAR;FRIGELAR - GUARULHOS /SP;92660406004610;09:00;12:00
13/04/2026;MONDAY;PAULO SERGIO MARQUES DA SILVA;SPC2;SUDESTE;CONSULTOR - SP;FRIGELAR;FRIGELAR - OSASCO/SP;92660406005005;13:30;18:00
14/04/2026;TUESDAY;PAULO SERGIO MARQUES DA SILVA;SPC2;SUDESTE;CONSULTOR - SP;FRIGELAR;FRIGELAR - GLETE 771 - ALAMEDA GLETE SAO PAULO/SP;92660406000461;09:00;12:00
14/04/2026;TUESDAY;PAULO SERGIO MARQUES DA SILVA;SPC2;SUDESTE;CONSULTOR - SP;FRIGELAR;FRIGELAR - GLETE 798 - ALAMEDA GLETE SAO PAULO/SP;92660406001867;13:00;18:00
15/04/2026;WEDNESDAY;PAULO SERGIO MARQUES DA SILVA;SPC2;SUDESTE;CONSULTOR - SP;CLIMA RIO;CLIMA RIO - PRAIA GRANDE/SP;23440322000157;10:00;12:00
15/04/2026;WEDNESDAY;PAULO SERGIO MARQUES DA SILVA;SPC2;SUDESTE;CONSULTOR - SP;CENTRAL AR;CENTRAL AR - SANTOS;30779576000160;13:00;17:00
16/04/2026;THURSDAY;PAULO SERGIO MARQUES DA SILVA;SPC2;SUDESTE;CONSULTOR - SP;CLIMA RIO;CLIMA RIO - VILA GUILHERME SAO PAULO/SP;08824171000813;09:00;12:00
16/04/2026;THURSDAY;PAULO SERGIO MARQUES DA SILVA;SPC2;SUDESTE;CONSULTOR - SP;FRIGELAR;FRIGELAR - SAO PAULO/SP;92660406006664;13:30;17:00
17/04/2026;FRIDAY;PAULO SERGIO MARQUES DA SILVA;SPC2;SUDESTE;CONSULTOR - SP;FRIGELAR;FRIGELAR - ALAMEDA 908 SAO PAULO/SP;92660406002324;09:00;12:00
17/04/2026;FRIDAY;PAULO SERGIO MARQUES DA SILVA;SPC2;SUDESTE;CONSULTOR - SP;FRIGELAR;FRIGELAR - SAO BERNARDO DO CAMPO/SP;92660406006079;13:30;18:00
20/04/2026;MONDAY;PAULO SERGIO MARQUES DA SILVA;SPC2;SUDESTE;CONSULTOR - SP;FRIGELAR;FRIGELAR - CAMPINAS/SP;92660406004297;09:00;12:00
20/04/2026;MONDAY;PAULO SERGIO MARQUES DA SILVA;SPC2;SUDESTE;CONSULTOR - SP;CLIMA RIO;CLIMA RIO - CAMPINAS/SP;08824171003839;13:00;16:30
22/04/2026;WEDNESDAY;PAULO SERGIO MARQUES DA SILVA;SPC2;SUDESTE;CONSULTOR - SP;FRIGELAR;FRIGELAR - SAO BERNARDO DO CAMPO/SP;92660406006079;08:00;18:00
23/04/2026;THURSDAY;PAULO SERGIO MARQUES DA SILVA;SPC2;SUDESTE;CONSULTOR - SP;CLIMA RIO;CLIMA RIO - VILA GUILHERME SAO PAULO/SP;08824171000813;09:00;12:00
23/04/2026;THURSDAY;PAULO SERGIO MARQUES DA SILVA;SPC2;SUDESTE;CONSULTOR - SP;FRIGELAR;FRIGELAR - GLETE 771 - ALAMEDA GLETE SAO PAULO/SP;92660406000461;09:00;12:00
23/04/2026;THURSDAY;PAULO SERGIO MARQUES DA SILVA;SPC2;SUDESTE;CONSULTOR - SP;FRIGELAR;FRIGELAR - SAO PAULO/SP;92660406006664;13:30;17:00
24/04/2026;FRIDAY;PAULO SERGIO MARQUES DA SILVA;SPC2;SUDESTE;CONSULTOR - SP;FRIGELAR;FRIGELAR - GLETE 798 - ALAMEDA GLETE SAO PAULO/SP;92660406001867;13:00;18:00
27/04/2026;MONDAY;PAULO SERGIO MARQUES DA SILVA;SPC2;SUDESTE;CONSULTOR - SP;FRIGELAR;FRIGELAR - GUARULHOS /SP;92660406004610;09:00;12:00
27/04/2026;MONDAY;PAULO SERGIO MARQUES DA SILVA;SPC2;SUDESTE;CONSULTOR - SP;FRIGELAR;FRIGELAR - OSASCO/SP;92660406005005;13:30;18:00
28/04/2026;TUESDAY;PAULO SERGIO MARQUES DA SILVA;SPC2;SUDESTE;CONSULTOR - SP;FRIGELAR;FRIGELAR - PIRACICABA/SP;92660406004530;13:00;16:00
28/04/2026;TUESDAY;PAULO SERGIO MARQUES DA SILVA;SPC2;SUDESTE;CONSULTOR - SP;CENTRAL AR;CENTRAL AR - ITU/SP;58618409000156;10:00;12:00
29/04/2026;WEDNESDAY;PAULO SERGIO MARQUES DA SILVA;SPC2;SUDESTE;CONSULTOR - SP;CLIMA RIO;CLIMA RIO - PRAIA GRANDE/SP;23440322000157;13:00;17:00
29/04/2026;WEDNESDAY;PAULO SERGIO MARQUES DA SILVA;SPC2;SUDESTE;CONSULTOR - SP;CENTRAL AR;CENTRAL AR - SANTOS;30779576000160;09:00;12:00
30/04/2026;THURSDAY;PAULO SERGIO MARQUES DA SILVA;SPC2;SUDESTE;CONSULTOR - SP;FRIGELAR;FRIGELAR - ALAMEDA 908 SAO PAULO/SP;92660406002324;09:00;12:00
30/04/2026;THURSDAY;PAULO SERGIO MARQUES DA SILVA;SPC2;SUDESTE;CONSULTOR - SP;FRIGELAR;FRIGELAR - SAO BERNARDO DO CAMPO/SP;92660406006079;13:30;17:00
13/04/2026;MONDAY;TATIANE SOUZA DOS SANTOS;NE_1;NE;CONSULTOR - NE;CLIMA RIO;CLIMA RIO - FEIRA DE SANTANA/BA;08824171004991;09:00;12:00
13/04/2026;MONDAY;TATIANE SOUZA DOS SANTOS;NE_1;NE;CONSULTOR - NE;FRIGELAR;FRIGELAR - SALVADOR/BA;92660406003568;14:30;18:00
14/04/2026;TUESDAY;TATIANE SOUZA DOS SANTOS;NE_1;NE;CONSULTOR - NE;FERREIRA COSTA;FERREIRA COSTA - SALVADOR/BA;10230480003156;09:00;11:30
14/04/2026;TUESDAY;TATIANE SOUZA DOS SANTOS;NE_1;NE;CONSULTOR - NE;CLIMA RIO;CLIMA RIO - SALVADOR/BA;08824171002603;13:00;18:00
15/04/2026;WEDNESDAY;TATIANE SOUZA DOS SANTOS;NE_1;NE;CONSULTOR - NE;FRIGELAR;FRIGELAR - FEIRA DE SANTANA/BA;92660406008012;09:00;12:00
15/04/2026;WEDNESDAY;TATIANE SOUZA DOS SANTOS;NE_1;NE;CONSULTOR - NE;FRIGELAR;FRIGELAR - SALVADOR/BA;92660406003568;14:30;18:00
16/04/2026;THURSDAY;TATIANE SOUZA DOS SANTOS;NE_1;NE;CONSULTOR - NE;CLIMA RIO;CLIMA RIO - SALVADOR/BA;08824171002603;13:00;18:00
16/04/2026;THURSDAY;TATIANE SOUZA DOS SANTOS;NE_1;NE;CONSULTOR - NE;FERREIRA COSTA;FERREIRA COSTA - VIANA SALVADOR/BA     ;10230480000300;09:00;11:30
17/04/2026;FRIDAY;TATIANE SOUZA DOS SANTOS;NE_1;NE;CONSULTOR - NE;FRIGELAR;FRIGELAR - LAURO DE FREITAS/BA;92660406007474;09:00;12:00
17/04/2026;FRIDAY;TATIANE SOUZA DOS SANTOS;NE_1;NE;CONSULTOR - NE;FRIGELAR;FRIGELAR - SALVADOR/BA;92660406003568;13:30;18:00
20/04/2026;MONDAY;TATIANE SOUZA DOS SANTOS;NE_1;NE;CONSULTOR - NE;FERREIRA COSTA;FERREIRA COSTA - SALVADOR/BA;10230480003156;09:00;11:30
20/04/2026;MONDAY;TATIANE SOUZA DOS SANTOS;NE_1;NE;CONSULTOR - NE;FRIGELAR;FRIGELAR - SALVADOR/BA;92660406003568;13:00;18:00
22/04/2026;WEDNESDAY;TATIANE SOUZA DOS SANTOS;NE_1;NE;CONSULTOR - NE;CLIMA RIO;CLIMA RIO - FEIRA DE SANTANA/BA;08824171004991;09:00;12:00
22/04/2026;WEDNESDAY;TATIANE SOUZA DOS SANTOS;NE_1;NE;CONSULTOR - NE;FRIGELAR;FRIGELAR - SALVADOR/BA;92660406003568;14:30;18:00
23/04/2026;THURSDAY;TATIANE SOUZA DOS SANTOS;NE_1;NE;CONSULTOR - NE;CLIMA RIO;CLIMA RIO - SALVADOR/BA;08824171002603;09:00;12:00
23/04/2026;THURSDAY;TATIANE SOUZA DOS SANTOS;NE_1;NE;CONSULTOR - NE;FRIGELAR;FRIGELAR - SALVADOR/BA;92660406003568;13:30;18:00
24/04/2026;FRIDAY;TATIANE SOUZA DOS SANTOS;NE_1;NE;CONSULTOR - NE;FRIGELAR;FRIGELAR - FEIRA DE SANTANA/BA;92660406008012;09:00;12:00
24/04/2026;FRIDAY;TATIANE SOUZA DOS SANTOS;NE_1;NE;CONSULTOR - NE;CLIMA RIO;CLIMA RIO - SALVADOR/BA;08824171002603;14:30;18:00
27/04/2026;MONDAY;TATIANE SOUZA DOS SANTOS;NE_1;NE;CONSULTOR - NE;CLIMA RIO;CLIMA RIO - FEIRA DE SANTANA/BA;08824171004991;09:00;12:00
27/04/2026;MONDAY;TATIANE SOUZA DOS SANTOS;NE_1;NE;CONSULTOR - NE;FRIGELAR;FRIGELAR - SALVADOR/BA;92660406003568;14:30;18:00
28/04/2026;TUESDAY;TATIANE SOUZA DOS SANTOS;NE_1;NE;CONSULTOR - NE;CLIMA RIO;CLIMA RIO -SÃO LUIS/MA;08824171005106;14:30;18:00
29/04/2026;WEDNESDAY;TATIANE SOUZA DOS SANTOS;NE_1;NE;CONSULTOR - NE;CLIMA RIO;CLIMA RIO -SÃO LUIS/MA;08824171005106;09:00;12:00
30/04/2026;THURSDAY;TATIANE SOUZA DOS SANTOS;NE_1;NE;CONSULTOR - NE;CLIMA RIO;CLIMA RIO - SALVADOR/BA;08824171002603;13:00;18:00
30/04/2026;THURSDAY;TATIANE SOUZA DOS SANTOS;NE_1;NE;CONSULTOR - NE;FERREIRA COSTA;FERREIRA COSTA - VIANA SALVADOR/BA     ;10230480000300;09:00;11:30
01/04/2026;QUARTA-FEIRA;ALEXANDRE RIBEIRO LIMA;SPI_2;SUDESTE;CONSULTOR - SJRP;BHP;BHP - BAURU/SP;LOJA INATIVA;09:00;16:00
01/04/2026;QUARTA-FEIRA;ALEXANDRE RIBEIRO LIMA;SPI_2;SUDESTE;CONSULTOR - SJRP;HAVAN;REGIONAL SUL - HAVAN - 0061 - BAURU - JARDIM PANORAMA - SP;79379491006203;16:30;17:00
02/04/2026;QUINTA-FEIRA;ALEXANDRE RIBEIRO LIMA;SPI_2;SUDESTE;CONSULTOR - SJRP;CENTRAL AR;FRANQUIA ITURAMA;62489439000187;11:30;13:00
03/04/2026;SEXTA-FEIRA;ALEXANDRE RIBEIRO LIMA;SPI_2;SUDESTE;CONSULTOR - SJRP;FRIGELAR;FRIGELAR - SAO JOSE DO RIO PRETO/SP;92660406008446;13:20;16:00
03/04/2026;SEXTA-FEIRA;ALEXANDRE RIBEIRO LIMA;SPI_2;SUDESTE;CONSULTOR - SJRP;HAVAN;REGIONAL SUL - HAVAN - 0046 - PLAZA AVENIDA SHOPPING - SAO JOSE DO RIO PRETO - JARDIM REDENTOR - SP;79379491004766;16:20;18:00
06/04/2026;SEGUNDA-FEIRA;ALEXANDRE RIBEIRO LIMA;SPI_2;SUDESTE;CONSULTOR - SJRP;CENTRAL AR;CENTRAL AR - ARACATUBA/SP;08382929001963;09:00;12:00
06/04/2026;SEGUNDA-FEIRA;ALEXANDRE RIBEIRO LIMA;SPI_2;SUDESTE;CONSULTOR - SJRP;CENTRAL AR;CENTRAL AR - FRANQUIA ARACATUBA/SP;34628882000156;13:30;18:00
07/04/2026;TERÇA-FEIRA;ALEXANDRE RIBEIRO LIMA;SPI_2;SUDESTE;CONSULTOR - SJRP;FRIGELAR;FRIGELAR - SAO JOSE DO RIO PRETO/SP;92660406008446;10:00;15:00
07/04/2026;TERÇA-FEIRA;ALEXANDRE RIBEIRO LIMA;SPI_2;SUDESTE;CONSULTOR - SJRP;HAVAN;REGIONAL SUL - HAVAN - 0046 - PLAZA AVENIDA SHOPPING - SAO JOSE DO RIO PRETO - JARDIM REDENTOR - SP;79379491004766;15:40;18:00
08/04/2026;QUARTA-FEIRA;ALEXANDRE RIBEIRO LIMA;SPI_2;SUDESTE;CONSULTOR - SJRP;CENTRAL AR;CENTRAL AR - ARACATUBA/SP;08382929001963;11:30;13:00
08/04/2026;QUARTA-FEIRA;ALEXANDRE RIBEIRO LIMA;SPI_2;SUDESTE;CONSULTOR - SJRP;CENTRAL AR;CENTRAL AR - FRANQUIA ARACATUBA/SP;34628882000156;13:20;18:00
09/04/2026;QUINTA-FEIRA;ALEXANDRE RIBEIRO LIMA;SPI_2;SUDESTE;CONSULTOR - SJRP;CLIMA RIO;CLIMA RIO - RIBEIRAO PRETO/SP;08824171003162;11:00;13:00
09/04/2026;QUINTA-FEIRA;ALEXANDRE RIBEIRO LIMA;SPI_2;SUDESTE;CONSULTOR - SJRP;FRIGELAR;FRIGELAR - RIBEIRAO PRETO/SP;92660406000704;13:30;18:00
10/04/2026;SEXTA-FEIRA;ALEXANDRE RIBEIRO LIMA;SPI_2;SUDESTE;CONSULTOR - SJRP;FRIGELAR;FRIGELAR - SAO JOSE DO RIO PRETO/SP;92660406008446;10:00;15:00
10/04/2026;SEXTA-FEIRA;ALEXANDRE RIBEIRO LIMA;SPI_2;SUDESTE;CONSULTOR - SJRP;HAVAN;REGIONAL SUL - HAVAN - 0046 - PLAZA AVENIDA SHOPPING - SAO JOSE DO RIO PRETO - JARDIM REDENTOR - SP;79379491004766;15:40;18:00
01/04/2026;QUARTA-FEIRA;DIOGO DO NASCIMENTO SANTOS;RJ;SUDESTE;CONSULTOR - RJ;CLIMA RIO;CLIMA RIO - RIO DE JANEIRO/RJ;27594275000157;09:00;12:00
01/04/2026;QUARTA-FEIRA;DIOGO DO NASCIMENTO SANTOS;RJ;SUDESTE;CONSULTOR - RJ;FRIOPECAS;FRIOPECAS - RIO DE JANEIRO/RJ;09316105000633;14:00;18:00
02/04/2026;QUINTA-FEIRA;DIOGO DO NASCIMENTO SANTOS;RJ;SUDESTE;CONSULTOR - RJ;FRIGELAR;FRIGELAR - SAO CRISTOVAO/RJ;92660406000895;09:00;12:00
02/04/2026;QUINTA-FEIRA;DIOGO DO NASCIMENTO SANTOS;RJ;SUDESTE;CONSULTOR - RJ;CLIMA RIO;CLIMA RIO - NITEROI ICARAI/RJ;08824171004053;13:00;18:00
03/04/2026;SEXTA-FEIRA;DIOGO DO NASCIMENTO SANTOS;RJ;SUDESTE;CONSULTOR - RJ;FRIGELAR;FRIGELAR - BARRA DA TIJUCA/RJ;92660406006150;09:00;12:30
03/04/2026;SEXTA-FEIRA;DIOGO DO NASCIMENTO SANTOS;RJ;SUDESTE;CONSULTOR - RJ;CLIMA RIO;CLIMA RIO - PENHA RIO DE JANEIRO/RJ;08824171003677;14:00;18:00
06/04/2026;SEGUNDA-FEIRA;DIOGO DO NASCIMENTO SANTOS;RJ;SUDESTE;CONSULTOR - RJ;FRIGELAR;FRIGELAR - SAO CRISTOVAO/RJ;92660406000895;09:00;12:00
06/04/2026;SEGUNDA-FEIRA;DIOGO DO NASCIMENTO SANTOS;RJ;SUDESTE;CONSULTOR - RJ;CLIMA RIO;CLIMA RIO - NITEROI ICARAI/RJ;08824171004053;13:00;18:00
07/04/2026;TERÇA-FEIRA;DIOGO DO NASCIMENTO SANTOS;RJ;SUDESTE;CONSULTOR - RJ;CLIMA RIO;CLIMA RIO - ITABORAI/RJ;08824171003324;09:00;12:00
07/04/2026;TERÇA-FEIRA;DIOGO DO NASCIMENTO SANTOS;RJ;SUDESTE;CONSULTOR - RJ;FRIGELAR;FRIGELAR - RIO DE JANEIRO/RJ;92660406005188;14:30;18:00
08/04/2026;QUARTA-FEIRA;DIOGO DO NASCIMENTO SANTOS;RJ;SUDESTE;CONSULTOR - RJ;CLIMA RIO;CLIMA RIO - RIO DE JANEIRO/RJ;27594275000157;09:00;12:30
08/04/2026;QUARTA-FEIRA;DIOGO DO NASCIMENTO SANTOS;RJ;SUDESTE;CONSULTOR - RJ;CLIMA RIO;CLIMA RIO - PENHA CIRCULAR/RJ;08824171000228;14:30;18:00
09/04/2026;QUINTA-FEIRA;DIOGO DO NASCIMENTO SANTOS;RJ;SUDESTE;CONSULTOR - RJ;FRIOPECAS;FRIOPECAS - RIO DE JANEIRO/RJ;09316105000633;14:00;18:00
09/04/2026;QUINTA-FEIRA;DIOGO DO NASCIMENTO SANTOS;RJ;SUDESTE;CONSULTOR - RJ;CENTRAL AR;CENTRAL AR - RIO DE JANEIRO/RJ;44128482000135;09:00;12:00
10/04/2026;SEXTA-FEIRA;DIOGO DO NASCIMENTO SANTOS;RJ;SUDESTE;CONSULTOR - RJ;FRIGELAR;FRIGELAR - SAO CRISTOVAO/RJ;92660406000895;09:00;12:00
10/04/2026;SEXTA-FEIRA;DIOGO DO NASCIMENTO SANTOS;RJ;SUDESTE;CONSULTOR - RJ;CLIMA RIO;CLIMA RIO - NITEROI ICARAI/RJ;08824171004053;13:00;18:00
01/04/2026;QUARTA-FEIRA;LIEDY AQUINO GOMES DOS SANTOS;SPC1;SUDESTE;CONSULTOR - SP;FRIGELAR;FRIGELAR - PENHA SAO PAULO/SP;92660406003487;09:00;12:00
01/04/2026;QUARTA-FEIRA;LIEDY AQUINO GOMES DOS SANTOS;SPC1;SUDESTE;CONSULTOR - SP;FRIOPECAS;FRIOPECAS - SAO PAULO/SP;09316105000390;14:00;18:00
02/04/2026;QUINTA-FEIRA;LIEDY AQUINO GOMES DOS SANTOS;SPC1;SUDESTE;CONSULTOR - SP;BHP;BHP - SANTOS/SP;53484010000700;16:00;18:00
02/04/2026;QUINTA-FEIRA;LIEDY AQUINO GOMES DOS SANTOS;SPC1;SUDESTE;CONSULTOR - SP;FRIGELAR;FRIGELAR - SANTOS/SP;92660406005692;09:00;16:00
03/04/2026;SEXTA-FEIRA;LIEDY AQUINO GOMES DOS SANTOS;SPC1;SUDESTE;CONSULTOR - SP;CLIMA RIO;CLIMA RIO - SOROCABA/SP;08824171001623;09:00;12:00
03/04/2026;SEXTA-FEIRA;LIEDY AQUINO GOMES DOS SANTOS;SPC1;SUDESTE;CONSULTOR - SP;FRIGELAR;FRIGELAR - SOROCABA/SP;92660406005854;13:00;18:00
06/04/2026;SEGUNDA-FEIRA;LIEDY AQUINO GOMES DOS SANTOS;SPC1;SUDESTE;CONSULTOR - SP;DIS;DIS - SAO PAULO/SP;23209013000170;09:00;12:00
06/04/2026;SEGUNDA-FEIRA;LIEDY AQUINO GOMES DOS SANTOS;SPC1;SUDESTE;CONSULTOR - SP;CLIMA RIO;CLIMA RIO - SAO PAULO/SP;08824171002867;14:00;18:00
07/04/2026;TERÇA-FEIRA;LIEDY AQUINO GOMES DOS SANTOS;SPC1;SUDESTE;CONSULTOR - SP;FRIGELAR;FRIGELAR - PENHA SAO PAULO/SP;92660406003487;09:00;12:00
07/04/2026;TERÇA-FEIRA;LIEDY AQUINO GOMES DOS SANTOS;SPC1;SUDESTE;CONSULTOR - SP;FRIOPECAS;FRIOPECAS - SAO PAULO/SP;09316105000390;14:00;18:00
08/04/2026;QUARTA-FEIRA;LIEDY AQUINO GOMES DOS SANTOS;SPC1;SUDESTE;CONSULTOR - SP;FRIGELAR;FRIGELAR - ESCRITORIO SAO PAULO/SP;92660406006230;09:00;12:00
08/04/2026;QUARTA-FEIRA;LIEDY AQUINO GOMES DOS SANTOS;SPC1;SUDESTE;CONSULTOR - SP;CENTRAL AR;CENTRAL AR - ESCRITORIO SAO PAULO/SP;08382929002005;14:00;18:00
09/04/2026;QUINTA-FEIRA;LIEDY AQUINO GOMES DOS SANTOS;SPC1;SUDESTE;CONSULTOR - SP;CLIMA RIO;CLIMA RIO - SAO JOSE DOS CAMPOS/SP;08824171001704;09:00;12:00
09/04/2026;QUINTA-FEIRA;LIEDY AQUINO GOMES DOS SANTOS;SPC1;SUDESTE;CONSULTOR - SP;FRIGELAR;FRIGELAR - SAO JOSE DOS CAMPOS/SP;92660406004459;13:00;18:00
10/04/2026;SEXTA-FEIRA;LIEDY AQUINO GOMES DOS SANTOS;SPC1;SUDESTE;CONSULTOR - SP;DIS;DIS - SAO PAULO/SP;23209013000170;09:00;12:00
10/04/2026;SEXTA-FEIRA;LIEDY AQUINO GOMES DOS SANTOS;SPC1;SUDESTE;CONSULTOR - SP;FRIGELAR;FRIGELAR - PENHA SAO PAULO/SP;92660406003487;13:40;18:00
01/04/2026;QUARTA-FEIRA;LUIZ FALCAO DE SOUZA NETO;NE_2;NE;CONSULTOR - NE;CLIMA RIO;CLIMA RIO - JOAO PESSOA/PB;08824171004649;13:30;17:00
01/04/2026;QUARTA-FEIRA;LUIZ FALCAO DE SOUZA NETO;NE_2;NE;CONSULTOR - NE;FRIGELAR;FRIGELAR - JOAO PESSOA/PB;92660406002677;09:00;12:00
02/04/2026;QUINTA-FEIRA;LUIZ FALCAO DE SOUZA NETO;NE_2;NE;CONSULTOR - NE;FERREIRA COSTA;FERREIRA COSTA - MASCARENHAS RECIFE/PE;10230480001960;09:00;12:00
02/04/2026;QUINTA-FEIRA;LUIZ FALCAO DE SOUZA NETO;NE_2;NE;CONSULTOR - NE;FERREIRA COSTA;FERREIRA COSTA - CONEGO RECIFE/PE;10230480000483;13:30;18:00
03/04/2026;SEXTA-FEIRA;LUIZ FALCAO DE SOUZA NETO;NE_2;NE;CONSULTOR - NE;FRIGELAR;FRIGELAR - IMBIRIBEIRA/PE;92660406000623;09:00;12:00
03/04/2026;SEXTA-FEIRA;LUIZ FALCAO DE SOUZA NETO;NE_2;NE;CONSULTOR - NE;CLIMA RIO;CLIMA RIO - RECIFE/PE;08824171001119;13:30;18:00
06/04/2026;SEGUNDA-FEIRA;LUIZ FALCAO DE SOUZA NETO;NE_2;NE;CONSULTOR - NE;FRIGELAR;FRIGELAR - RECIFE/PE;92660406004106;09:00;12:00
06/04/2026;SEGUNDA-FEIRA;LUIZ FALCAO DE SOUZA NETO;NE_2;NE;CONSULTOR - NE;CLIMA RIO;CLIMA RIO - BOA VIAGEM/PE;08824171003596;13:30;18:00
07/04/2026;TERÇA-FEIRA;LUIZ FALCAO DE SOUZA NETO;NE_2;NE;CONSULTOR - NE;FRIGELAR;FRIGELAR - RECIFE/PE;92660406004106;09:00;12:00
07/04/2026;TERÇA-FEIRA;LUIZ FALCAO DE SOUZA NETO;NE_2;NE;CONSULTOR - NE;CLIMA RIO;CLIMA RIO - BOA VIAGEM/PE;08824171003596;13:30;18:00
08/04/2026;QUARTA-FEIRA;LUIZ FALCAO DE SOUZA NETO;NE_2;NE;CONSULTOR - NE;CLIMA RIO;CLIMA RIO - JOAO PESSOA/PB;08824171004649;13:30;17:00
08/04/2026;QUARTA-FEIRA;LUIZ FALCAO DE SOUZA NETO;NE_2;NE;CONSULTOR - NE;FRIGELAR;FRIGELAR - JOAO PESSOA/PB;92660406002677;09:00;12:00
09/04/2026;QUINTA-FEIRA;LUIZ FALCAO DE SOUZA NETO;NE_2;NE;CONSULTOR - NE;MAGNO PRIME;MAGNO - CABEDELO/PB;06008005000309;09:00;12:00
09/04/2026;QUINTA-FEIRA;LUIZ FALCAO DE SOUZA NETO;NE_2;NE;CONSULTOR - NE;FRIGELAR;FRIGELAR - JOAO PESSOA/PB;92660406002677;13:30;17:00
10/04/2026;SEXTA-FEIRA;LUIZ FALCAO DE SOUZA NETO;NE_2;NE;CONSULTOR - NE;FRIGELAR;FRIGELAR - RECIFE/PE;92660406004106;09:00;12:00
10/04/2026;SEXTA-FEIRA;LUIZ FALCAO DE SOUZA NETO;NE_2;NE;CONSULTOR - NE;CLIMA RIO;CLIMA RIO - BOA VIAGEM/PE;08824171003596;13:30;18:00
01/04/2026;QUARTA-FEIRA;MARCIO JOSE FLORES PEREIRA;SUL_1;SUL;CONSULTOR - SUL;CLIMA RIO;CLIMA RIO - NAVEGANTES/RS;08824171002352;09:00;13:30
01/04/2026;QUARTA-FEIRA;MARCIO JOSE FLORES PEREIRA;SUL_1;SUL;CONSULTOR - SUL;FRIGELAR;FRIGELAR - NAVEGANTES/RS;92660406003053;14:00;18:00
02/04/2026;QUINTA-FEIRA;MARCIO JOSE FLORES PEREIRA;SUL_1;SUL;CONSULTOR - SUL;FRIGELAR;FRIGELAR - SAO GERALDO/RS;92660406000119;09:00;13:30
02/04/2026;QUINTA-FEIRA;MARCIO JOSE FLORES PEREIRA;SUL_1;SUL;CONSULTOR - SUL;FRIGELAR;FRIGELAR - CANOAS/RS;92660406007202;14:00;18:00
03/04/2026;SEXTA-FEIRA;MARCIO JOSE FLORES PEREIRA;SUL_1;SUL;CONSULTOR - SUL;WEBCONTINENTAL ;WEBCONTINENTAL - MATRIZ NAVEGANTES/RS;08584116000127;09:00;13:30
03/04/2026;SEXTA-FEIRA;MARCIO JOSE FLORES PEREIRA;SUL_1;SUL;CONSULTOR - SUL;CLIMA RIO;CLIMA RIO - NAVEGANTES/RS;08824171002352;14:00;18:00
06/04/2026;SEGUNDA-FEIRA;MARCIO JOSE FLORES PEREIRA;SUL_1;SUL;CONSULTOR - SUL;FRIGELAR;FRIGELAR - NOVO HAMBURGO/RS;92660406007717;09:00;13:30
06/04/2026;SEGUNDA-FEIRA;MARCIO JOSE FLORES PEREIRA;SUL_1;SUL;CONSULTOR - SUL;CLIMA RIO;CLIMA RIO - NAVEGANTES/RS;08824171002352;14:00;18:00
07/04/2026;TERÇA-FEIRA;MARCIO JOSE FLORES PEREIRA;SUL_1;SUL;CONSULTOR - SUL;WEBCONTINENTAL ;WEBCONTINENTAL - MATRIZ NAVEGANTES/RS;08584116000127;09:00;13:30
07/04/2026;TERÇA-FEIRA;MARCIO JOSE FLORES PEREIRA;SUL_1;SUL;CONSULTOR - SUL;CLIMA RIO;CLIMA RIO - NAVEGANTES/RS;08824171002352;14:00;18:00
08/04/2026;QUARTA-FEIRA;MARCIO JOSE FLORES PEREIRA;SUL_1;SUL;CONSULTOR - SUL;FRIGELAR;FRIGELAR - NOVO HAMBURGO/RS;92660406007717;09:00;13:30
08/04/2026;QUARTA-FEIRA;MARCIO JOSE FLORES PEREIRA;SUL_1;SUL;CONSULTOR - SUL;CLIMA RIO;CLIMA RIO - NAVEGANTES/RS;08824171002352;14:00;18:00
09/04/2026;QUINTA-FEIRA;MARCIO JOSE FLORES PEREIRA;SUL_1;SUL;CONSULTOR - SUL;CLIMA RIO;CLIMA RIO - NAVEGANTES/RS;08824171002352;09:00;13:30
09/04/2026;QUINTA-FEIRA;MARCIO JOSE FLORES PEREIRA;SUL_1;SUL;CONSULTOR - SUL;FRIGELAR;FRIGELAR - NAVEGANTES/RS;92660406003053;14:00;18:00
10/04/2026;SEXTA-FEIRA;MARCIO JOSE FLORES PEREIRA;SUL_1;SUL;CONSULTOR - SUL;WEBCONTINENTAL ;WEBCONTINENTAL - MATRIZ NAVEGANTES/RS;08584116000127;09:00;13:30
10/04/2026;SEXTA-FEIRA;MARCIO JOSE FLORES PEREIRA;SUL_1;SUL;CONSULTOR - SUL;CLIMA RIO;CLIMA RIO - NAVEGANTES/RS;08824171002352;14:00;18:00
01/04/2026;QUARTA-FEIRA;PAULO SERGIO MARQUES DA SILVA;SPC2;SUDESTE;CONSULTOR - SP;CENTRAL AR;CENTRAL AR - SANTOS/SP;30779576000160;13:00;17:00
02/04/2026;QUINTA-FEIRA;PAULO SERGIO MARQUES DA SILVA;SPC2;SUDESTE;CONSULTOR - SP;FRIGELAR;FRIGELAR - GLETE 771 - ALAMEDA GLETE SAO PAULO/SP;92660406000461;09:00;12:00
02/04/2026;QUINTA-FEIRA;PAULO SERGIO MARQUES DA SILVA;SPC2;SUDESTE;CONSULTOR - SP;FRIGELAR;FRIGELAR - GLETE 798 - ALAMEDA GLETE SAO PAULO/SP;92660406001867;13:30;18:00
03/04/2026;SEXTA-FEIRA;PAULO SERGIO MARQUES DA SILVA;SPC2;SUDESTE;CONSULTOR - SP;CENTRAL AR;CENTRAL AR - SANTOS/SP;30779576000160;13:00;17:00
03/04/2026;SEXTA-FEIRA;PAULO SERGIO MARQUES DA SILVA;SPC2;SUDESTE;CONSULTOR - SP;CLIMA RIO;CLIMA RIO - PRAIA GRANDE/SP;23440322000157;10:00;12:00
06/04/2026;SEGUNDA-FEIRA;PAULO SERGIO MARQUES DA SILVA;SPC2;SUDESTE;CONSULTOR - SP;CENTRAL AR;CENTRAL AR - ITU/SP;58618409000156;10:00;14:00
06/04/2026;SEGUNDA-FEIRA;PAULO SERGIO MARQUES DA SILVA;SPC2;SUDESTE;CONSULTOR - SP;FRIGELAR;FRIGELAR - PIRACICABA/SP;92660406004530;15:30;18:00
07/04/2026;TERÇA-FEIRA;PAULO SERGIO MARQUES DA SILVA;SPC2;SUDESTE;CONSULTOR - SP;CLIMA RIO;CLIMA RIO - VILA GUILHERME SAO PAULO/SP;08824171000813;09:00;12:00
07/04/2026;TERÇA-FEIRA;PAULO SERGIO MARQUES DA SILVA;SPC2;SUDESTE;CONSULTOR - SP;FRIGELAR;FRIGELAR - SAO PAULO/SP;92660406006664;13:30;18:00
08/04/2026;QUARTA-FEIRA;PAULO SERGIO MARQUES DA SILVA;SPC2;SUDESTE;CONSULTOR - SP;CLIMA RIO;CLIMA RIO - CAMPINAS/SP;08824171003839;09:00;12:00
08/04/2026;QUARTA-FEIRA;PAULO SERGIO MARQUES DA SILVA;SPC2;SUDESTE;CONSULTOR - SP;FRIGELAR;FRIGELAR - CAMPINAS/SP;92660406004297;13:30;18:00
09/04/2026;QUINTA-FEIRA;PAULO SERGIO MARQUES DA SILVA;SPC2;SUDESTE;CONSULTOR - SP;FRIGELAR;FRIGELAR - OSASCO/SP;92660406005005;09:00;12:00
09/04/2026;QUINTA-FEIRA;PAULO SERGIO MARQUES DA SILVA;SPC2;SUDESTE;CONSULTOR - SP;FRIGELAR;FRIGELAR - SAO PAULO/SP;92660406006664;13:30;18:00
10/04/2026;SEXTA-FEIRA;PAULO SERGIO MARQUES DA SILVA;SPC2;SUDESTE;CONSULTOR - SP;CLIMA RIO;CLIMA RIO - VILA GUILHERME SAO PAULO/SP;08824171000813;09:00;12:00
10/04/2026;SEXTA-FEIRA;PAULO SERGIO MARQUES DA SILVA;SPC2;SUDESTE;CONSULTOR - SP;FRIGELAR;FRIGELAR - SAO PAULO/SP;92660406006664;13:30;18:00
01/04/2026;QUARTA-FEIRA;TATIANE SOUZA DOS SANTOS;NE_1;NE;CONSULTOR - NE;FRIGELAR;FRIGELAR - FEIRA DE SANTANA/BA;92660406008012;09:00;12:00
01/04/2026;QUARTA-FEIRA;TATIANE SOUZA DOS SANTOS;NE_1;NE;CONSULTOR - NE;CLIMA RIO;CLIMA RIO - SALVADOR/BA;08824171002603;14:30;18:00
02/04/2026;QUINTA-FEIRA;TATIANE SOUZA DOS SANTOS;NE_1;NE;CONSULTOR - NE;FRIGELAR;FRIGELAR - LAURO DE FREITAS/BA;92660406007474;09:00;12:00
02/04/2026;QUINTA-FEIRA;TATIANE SOUZA DOS SANTOS;NE_1;NE;CONSULTOR - NE;FRIGELAR;FRIGELAR - SALVADOR/BA;92660406003568;13:30;18:00
03/04/2026;SEXTA-FEIRA;TATIANE SOUZA DOS SANTOS;NE_1;NE;CONSULTOR - NE;CLIMA RIO;CLIMA RIO - FEIRA DE SANTANA/BA;08824171004991;09:00;12:00
03/04/2026;SEXTA-FEIRA;TATIANE SOUZA DOS SANTOS;NE_1;NE;CONSULTOR - NE;FRIGELAR;FRIGELAR - SALVADOR/BA;92660406003568;14:30;18:00
06/04/2026;SEGUNDA-FEIRA;TATIANE SOUZA DOS SANTOS;NE_1;NE;CONSULTOR - NE;FERREIRA COSTA;FERREIRA COSTA - SALVADOR/BA;10230480003156;09:00;11:30
06/04/2026;SEGUNDA-FEIRA;TATIANE SOUZA DOS SANTOS;NE_1;NE;CONSULTOR - NE;CLIMA RIO;CLIMA RIO - SALVADOR/BA;08824171002603;13:00;18:00
07/04/2026;TERÇA-FEIRA;TATIANE SOUZA DOS SANTOS;NE_1;NE;CONSULTOR - NE;FRIGELAR;FRIGELAR - FEIRA DE SANTANA/BA;92660406008012;09:00;12:00
07/04/2026;TERÇA-FEIRA;TATIANE SOUZA DOS SANTOS;NE_1;NE;CONSULTOR - NE;FRIGELAR;FRIGELAR - SALVADOR/BA;92660406003568;14:30;18:00
08/04/2026;QUARTA-FEIRA;TATIANE SOUZA DOS SANTOS;NE_1;NE;CONSULTOR - NE;FERREIRA COSTA;FERREIRA COSTA - VIANA SALVADOR/BA;10230480000300;09:00;11:30
08/04/2026;QUARTA-FEIRA;TATIANE SOUZA DOS SANTOS;NE_1;NE;CONSULTOR - NE;CLIMA RIO;CLIMA RIO - SALVADOR/BA;08824171002603;13:00;18:00
09/04/2026;QUINTA-FEIRA;TATIANE SOUZA DOS SANTOS;NE_1;NE;CONSULTOR - NE;FRIGELAR;FRIGELAR - LAURO DE FREITAS/BA;92660406007474;09:00;12:00
09/04/2026;QUINTA-FEIRA;TATIANE SOUZA DOS SANTOS;NE_1;NE;CONSULTOR - NE;FRIGELAR;FRIGELAR - SALVADOR/BA;92660406003568;13:30;18:00
10/04/2026;SEXTA-FEIRA;TATIANE SOUZA DOS SANTOS;NE_1;NE;CONSULTOR - NE;FERREIRA COSTA;FERREIRA COSTA - SALVADOR/BA;10230480003156;09:00;11:30
10/04/2026;SEXTA-FEIRA;TATIANE SOUZA DOS SANTOS;NE_1;NE;CONSULTOR - NE;FRIGELAR;FRIGELAR - SALVADOR/BA;92660406003568;13:00;18:00
